ldudkowski@jelcz.com.pl
b.cichocki@hsw.pl

jacek.mikolajczak@zamet-glowno.com
piotr.rutkowski@aviationtechnik.pl
bartlomiej.kacperczyk@wzl1deblin.pl
b.zajac@hsw.pl
bze@belma.com.pl
waldemar.topol@wzl2.mil.pl
wzborowski@wzm.pl
lrzanny@wzm.pl
m.purtak@mesko.com.pl
tomasz.berezowski@zmt.tarnow.pl
Krzysztof Skrzypinski <K.Skrzypinski@wb.com.pl>;
Krzysztof Pawelek <K.Pawelek@wb.com.pl>;
Mariusz Wisniewski <M.Wisniewski@wb.com.pl>;
Adam Parulski <a.parulski@wb.com.pl>;
Anna Wysocka <a.wysocka@wb.com.pl>;
Dorota Sosinowska <d.sosinowska@wb.com.pl>;
Grzegorz Sakson <G.Sakson@wb.com.pl>;
Kamil Czacherski <K.Czacherski@wb.com.pl>;
Lukasz Domaradzki <l.domaradzki@wb.com.pl>;
Maciej Lewandowski <M.Lewandowski@wb.com.pl>;
Malwina Lewandowska <m.lewandowska@wb.com.pl>;
Michal Bartosiewicz <m.bartosiewicz@wb.com.pl>;
Natalia Maciejko <n.maciejko@wb.com.pl>;
Pawel Wojewnik <P.Wojewnik@wb.com.pl>;
Piotr Waliczek <p.waliczek@wb.com.pl>;
Marcin Bak <M.Bak@wb.com.pl>;
Bartosz Lis <B.Lis@wb.com.pl>;
Lukasz Kruszynski <l.kruszynski@wb.com.pl>;
Monika Kunka <M.Kunka@wb.com.pl>;
Bozena Czacherska <b.czacherska@wb.com.pl>




j.abratowski@hsw.pl
mauro.accoris@stelvio-kontek.com
marcin.adamczyk@pitradwar.com
radoslaw.adamczyk@transbit.com.pl
m.adamska@inexim.pl
artur.adamus@hydac.com.pl
aaftyka@piap.pl
aiyilun@zhtz.net.cn

candruszkow@stpi.net
gandrzejczyk@mpl.pl
t.andrzejewski@iconex.pl
aandrzejuk@piap.pl
kz@wzm.pl
tomek@atp-aviation.com
andrzej@kromiss.com
p.augustynek@wobit.com.pl
piotr@silniki.com
h_babala@pzlmielec.com.pl
b.babiak@tkhkabeltechniek.pl
bergton@interia.eu
danuta.bach@dgt.com.pl
hbaczyk@komtrans.poznan.pl
lukasz.baj@rosomaksa.pl

j.bakinowski@modertrans.poznan.pl
mk.bakowski@gmail.com
slawek.balinski@lcel.com.pl
ball@zap-kooperacja.com.pl
jerzy.balunowski@biatel.com.pl
andrzej.banacki@arex.pl
damian.baran@knorr-bremse.com
witold.baran@trw.com
firedam@gd.home.pl
office_dcf@put.poznan.pl
r.baranski@radwag.pl
wieslaw.widla@geofizyka.krakow.pl
hubert.baranski@megmar.pl
miroslaw.barcic@wzl1deblin.pl
jacek.barcik@diga.biz.pl
wlodzimierz.barczak@geofizyka.pl
zaopatrzenie2@autorobotstrefa.pl
robert.barczynski@telzas.com.pl
micromet@wp.pl
jacek.barski@mavex-rekord.pl
Tomasz.Bartkowiak@seeg.sharp-eu.com
mbartkowiak@famor.pl
bartosz.bartkowiak@ilot.edu.pl
kbartodziej@famur.com.pl
a.bartosiewicz@wb.com.pl
bbartosinski@wamtechnik.pl
bartoszczynski@apator-mining.com.pl
ibartusiak@molex.com
d.basinski@lafot.com
marek.batko@zdz.krakow.pl
j.batkowski@vector.com.pl
t_bator@toya.net.pl

r.bedkowski@hsw.pl
Ryszard.Bednarek@ctm.gdynia.pl
rbed@ctm.gdynia.pl
marzena.bembenista@habia.com
bogdanb@supermedia.pl
damian.bereska@polsl.pl
wzu@wzu.pl
z.berlik@pexpool.com.pl
Malgorzata.Bernaciak@pzl.eads.net
wojtek@pzl.com.pl
mbernas@newag.pl
andrzej.bialek@fazos.com.pl
Z_Bialek@pzlmielec.com.pl
a.bialkowski@wil.waw.pl
jakub.bialobrowko@boschrexroth.pl
jacek.bialoglowy@dnv.com
tensotronic@neostrada.pl
pawel.bialowas@medcom.com.pl
janusz.bicki@arex.pl
bartlomiej.bidecki@metronic.pl
krzysztof.bielawski@arex.pl
m.bielecki@sonel.pl
e.bielecki@helped.pl
k.bien@wb.com.pl
p.bien@fca.com.pl
marek.bieniek@eltek.com
rn@belma.com.pl
k.biernacki@tme.pl
zajac@wil.waw.pl
gbieszczad@wat.edu.pl
slawomir.bieszk@panlink.pl
pbigaj@piap.pl
directors@unitra-dolam.pl
tomasz.bilski@agustawestland.com
pbistron@abis.krakow.pl
Krzysztof_Bittner@severstallat-silesia.pl
m.wolak@hsw.pl
hr@bumar.gliwice.pl
maciej.blach@harting.com
sblaise@ceco-inc.com
k.blak@wb.com.pl
service@pzlmielec.com.pl
andrzej.blaszczyk@instal1.pl
mariusz@ctm.gdynia.pl
piotr.blazejczyk@inwestel.com.pl
p.bliger@microtech.com.pl
a.blotko@kabe.pl
zbigniew.blum@pitradwar.com
jan.blumowski@zremb-ch.com.pl
ryszard.bobrowski@alcatel.pl
a.bochinska@hsw.pl
bbogdan@kenbit.pl
pawelbo@telesis.com.pl
p.bojanczyk@siltec.com.pl
ibojanek@piap.pl
dorota.bojanowska@ips.com.pl
magdalena.bolisega@pesa.pl
dbolton@hipo-systems.com
grzegorz.bonikowski@iase.wroc.pl
wojciech.borkowski@fega.com.pl
a.borowy@opto.com.pl
mboryszewski@webasto.pl
maciej.bossowski@pol-china.com
cbouche@connectpositronic.com
flameboush@att.net
david.bouzek@tri-starelectronics.com
mike@ctgnow.com
kbozyk@piap.pl


virginiakigre@aol.com
maciej.brasse@medtronic.com
m.brozyna@4contact.pl
voltexwro@wp.pl
d.brus@pacomp.pl
maciej.brygidyn@autosan.pl
k.brzezina@elhand.pl
m.brzozowski@wzl2.mil.pl
j.buchwald@prominent.pl
b.bucior@bas.pol.pl
marcin@etymax.com.pl
tomasz.buda@arex.pl
angelika.bujny@radmor.com.pl
wbujwan@cbk.waw.pl
wieslaw.buler@itwl.pl
rafal.burek@thalesgroup.com
mbuska@te.com
p.buszek@pexpool.com.pl
krzysztof.butlewski@itwl.pl
arkadiusz.byndas@pwr.wroc.pl
lukasz.byrczek@adescom.com
a.bytner@bas.pol.pl
fcapelle@souriau.com
Piotr.Cebulok@pzl.eads.net
ceglarek@ai.com.pl
cel.aga@wp.pl
boguslaw.cetnar@autosan.com.pl
d.charkiewicz@vector.com.pl
J_Checinski@pzlmielec.com.pl
Marek.Chilimonczyk@pzl.eads.net
slawomir.chlus@pimstal.pl
chmaj@uavs.eu
Magdalena.Chmielewska@agustawestland.com
w.chmielewski@ente.com.pl
k.chodkiewicz@ente.com.pl
marcin.chodnicki@itwl.pl
maciej.chodyniak@comex.com.pl
lukasz.chodzynski@db-pbc.pl
joanna.chojnacka@philips.com
jchojnacki@bpw.pl
jerzy.chojnacki@keymile.com
pawel_cholewa@etc.com.pl
achomoncik@newag.pl
iosto@warman.com.pl
a.chrobot@wcbkt.pl
mariusz.chrustny@honeywell.com
g.chrzanowski@sonel.pl
lukasz.chrzanowski@ponar-silesia.pl
leszek@apdudek.pl
lukasz.chudzian@pcosa.com.pl
I_Chudzicka@pzlmielec.com.pl
mateusz.chwalczuk@radiolex.pl
sebastian.chwiedoruk@diga.biz.pl
maciej.chybowski@itwl.pl;
chybom@itwl.pl
r.ciach@horus-energia.pl
izabela.cichocka@partner21.pl
marekcichowski@radmor.com.pl
danciech@interia.pl
jcielen@newag.pl
wojtek.cieslak@cnh.com
HCieslak@becker-avionics.pl


cofta-s@el-cab.com.pl
inmel@inmel.com.pl
kcwajna@kontakt-simon.com.pl
k.cybulski@amz.pl
cybulski@drabpol.pl
wojciech.cyrkowicz@autobox.pl
kz@wzm.pl
wojciech.czaplicki@jst.de
czapnik@ai.com.pl
patrycja.czerwinska@pzl.swidnik.pl
a.czerwinska@wil.waw.pl
jaroslaw.czerwinski@agustawestland.com
j.czubak@wb.com.pl
rczupryniak@piap.pl
jan.czysciak@itt.com
katarzyna.dabala@ericsson.com
j.dabrowa@mesko.com.pl
mdabrowski@wat.edu.pl
grzegorz.dabrowski@fibox.pl
tomasz.dabrowski@pcosa.com.pl
t.dabrowski@fud.net.pl
m.dabrowski@wb.com.pl
daniel.lazarek@adescom.com
m.danielczyk@signalco.pl
grzegorz.darlinski@pro-control.pl
urszula.daroch@avnet.com
debiecr@pit.edu.pl
pawel.debski@pzl.swidnik.pl
m.debski@pzl.com.pl
andrzej@unitronex.com
M.Dendra@progres3m.com.pl
piotr.diakowicz@eltek.com.pl
bdlugozima@asec.com.pl
j.dobrzanski@ente.com.pl
tadeuszdolinski@pitradwar.com
zbyszek.d@at-3.com
lewel@lewel.pl
dariusz.domon@zmt.Tarnow.pl
leszek.d@pruftechnik.com.pl
mariusz.doromoniec@ascom.com.pl
ap@agh.edu.pl
mdragan@ergom.com
tomasz.drejka@zzm.com.pl
kamil.greczycho@gt85.com.pl
tadeusz.drozd@wat.edu.pl
m.drozd@enika.pl
sterpol@sterpol.com
krzysztof.drzewiecki@draminski.com.pl
mdubiel@flytechuav.com
zaopatrzenie@radmor.com.pl
kamil.duda@controlprocess.pl
l.dudek@hsw.pl
mdudek@remontowa-rsb.pl
jdudkowski@jelcz.com.pl
Aleksander.Dudojc@mardel.pl
filbico@filbico.pl
adumicz@minemaster.eu
duszczak-k@el-cab.com.pl
gdybczak@navica.pl
krzysztof.dymarkowski@ctm.gdynia.pl
jerzy.dymecki@atmavio.pl
Mariusz.Dys@agustawestland.com
dzialach@apator-mining.com.pl
m_dzialowska@pzlmielec.com.pl
Bogdan.Dziatkowiak@GTservices.pl
maciej.dziedzic@ac.com.pl
info@ap-mikroster.com.pl
dzieniszewski@aster.pl
pawel.dzieslewski@rwttp.com.pl
jdziurawiec@macrosystem.pl
tdzwoniarek@wp.pl
wzu@wzu.pl
katarzyna.elzbieciak@fideltronik.com
michal.erber@eberspaecher.com
r.fabisiak@wil.waw.pl
d.fabisiak@amz.pl
z.fabisiak@amz.pl
p.fabisiak@wil.waw.pl


natalia.fasiczka@panlink.pl
joanna.faustus@pzl.eads.net
r.felinski@hertzsystems.com
dzhandl@fif.com.pl
przemyslaw.flak@flytronic.pl
jacek.flik@ferind.com.pl
magdalena.florek@pl.transport.bombardier.com
bflorkiewicz@jelcz.com.pl
mrowkabull@wp.pl
ef@zpas.pl
m.frejowski@heliseco.pl
info@kablex.com.pl
wiktorf@supermedia.pl
project@kzl.com.pl
p.fryc@pcosa.com.pl
zbfu@wp.pl
rr@radmor.com.pl
zbfu@wp.pl
pfurmanski@pitow.wroc.pl
gawag@gawag.com.pl
gomez@dgt.com.pl
g.gagla@wzl1.com.pl
mariusz.gaik@zpas.net
wg@zpas.net
adam.gaj@melex.com.pl
tomasz.gajewski@itwl.pl
agajos@tcp.net.pl
r.galazka@euroelektronika.pl
info@satel.com.pl
jgalejczuk@mista.eu
galwes@wp.pl
m.galus@lot.pl
tadeusz.gancarczyk@wskrz.com
tadeusz.garbacik@bh-ruda.pl
zgarczewski@wzm.pl
stanislaw.gardecki@put.poznan.pl
t.garncarz@sonopan.com.pl
luiza.garow-gryska@ericsson.com
jacek_gasior@rzesa.rzeszow.pl
mgawel@uav.pl
miroslaw.gawerski@mstechnology.pl
wojciech.gawinkowski@radmor.com.pl
pawel.gawronski@microdis.net
jgeca@piap.pl
przemyslaw.gegotek@doosan.com
mikolaj.giedych@mas-sp.pl
eickhoff_handlowy@onet.pl
malgorzata.gil@radmor.com.pl


agliwa@farum.com.pl
sglodek@doil.com
leszek.glodek@utas.utc.com
toglogowski@gmail.com
krzysztof@alfine.pl
R_Gnoinski@pzlmielec.com.pl
AGoc@asec.com.pl
stanislaw.goclowski@trias.pl
iwona.godynia@pzl.eads.net
janusz@altel.pl
j.goldon@jagon.pl
artur.golombek@ctm.gdynia.pl
krzysztof.golus@itwl.pl
kgo@pctechnologies.pl
jangoral@techno.com.pl
r.gorczyca@hsw-zn.com.pl
l.gorczynski@wzl1.com.pl
icdpolska@icd.no
michal_gorgol@bradycorp.com
p.gorgol@newaggliwice.pl
wgorka@procelwag.com.pl
marek.gornioczek@pl.transport.bombardier.com
robert.gorniak@fawag.pl
j.gorniewicz@vienna-trading.com
dariusz.gorski@zpue.pl
grzegorz.gorski@panlink.pl
tomasz.gorski@scanclimber.com
krzysztof.gos@dhl.com
lesgos@wp.pl
slawomir.goworek@radmor.com.pl
grabiec_marcin_1@fin.com.pl
rgrabner@k-t-p.com.pl
mgrab@ctm.gdynia.pl
grajewski@tkd-polska.com
ewa.gralewska@fabrykabroni.pl
kamil.greczycho@gt85.com.pl
adam.gredysa@partnertech.pl
miroslaw.grochowski@mcx.pl
bartlomiej.grochowski@metrix.pl
rks@hsw.pl
tomasz.grodnicki@elester-pkp.com.pl
tgromacki@teldat.com.pl
rgr@addit.pl
stanislaw.grudzinski@geofizyka.pl
piotr.grudzinski@protea.pl
h.gruszczynska@hydral.com.pl
janusz.gruszczynski@geofizyka.krakow.pl
zmt@zmt.tarnow.pl
marcin.gryglak@amz.pl
j.grzebalski@wzinz.pl
waldemar.grzegorczyk@msrgryfia.pl
grzegorzek-m@el-cab.com.pl
grzelakj@pit.edu.pl
agsp@energy.iase.wroc.pl
adam.grzybowski@itwl.pl
arkadiusz.gurba@autoneum.com
arkadiusz.gurba@rieterauto.com
mgurdziel@essystemk.pl
dgurga@kangurelectronics.pl
marcin.gurtkowski@ttiinc.com



sguzek@aspco.com.pl
iwona.guzin@pit.edu.pl
rhaberek@autocomp.com.pl
miroslaw.hajdukiewicz@ostroda-yacht.com.pl
robert.halek@obrum.gliwice.pl
khamera@mera-blonie.pl
rhaniszewski@nafta.net.pl
m_herbut@pzlmielec.com.pl
sales@majr.com
fheurtier@statek.com
hieropolitanski@ai.com.pl
pawel.hlosta@witu.mil.pl
obrum_th@obrum.gliwice.pl
jerzy.hoppe@ctm.gdynia.pl
leszek@delta-av.com.pl
dhyska@mikster.pl
mike@pgiindustries.com
rob@pgiindustries.com
iwanowski@tkd-polska.com
idrozdz@molex.com
m.izbicki@wzl1.com.pl
slawomir.jablonski@gefco.net
jacek.jablonski@ilot.edu.pl
j.jablonski@robokopter.pl
miroslaw.jackow@zmt.tarnow.pl
jaroslaw.jagielka@acnet.com.pl
pawel.jajkowski@atmavio.pl
zbigniew.jakielaszek@itwl.pl
boguslaw.jakimiak@pitradwar.com
j.czarnigowski@pollub.pl
marian.j@at-3.com
andrzej.jakowlew@pkobp.pl
firma@time-net.com.pl
robert.jakubas@ios.krakow.pl
Krzysztof.Jakubik@pitradwar.com
djakubowska@svantek.com.pl
jakben@kki.net.pl
robert.jakubowski@eurobox.pl
j.marcinek@wb.com.pl
biuro@korporacjawschod.pl
janasb@pit.edu.pl
krystian@autotim.com.pl
bjanik@piap.pl
adam.janik@wzms.pl
Edward.Jankowski@ncbj.gov.pl
walter.j@at-3.com
z.janowski@uezj.pl
januszewski@lucent.com
sjarocki@roboticsinventions.com
g.jaromi@eurotech.com.pl
anna.jarzynka@technokontakt.com.pl
zbigniew.jasica@elfa.se
wjasicki@feryster.pl
s.jasiewicz@pexpool.com.pl
s.jasinski@wb.com.pl




konstrukcja3@bumar.gliwice.pl
dj@smarttech.pl
andrzej.jaworski@itr.org.pl
jedlinskim@pit.edu.pl
jedlinski@mikroma.com
lukasz.jedraszkiewicz@sandvik.com
marcin.jedryczko@pesa.pl
jedrzejczyk@cool.pl
jedrzejczykr@pit.edu.pl
mjedrzejczyk@kenbit.pl
radomir.jedrzejewski@pitradwar.com
piotr@radiolex.pl
jkonieczny@northship.com.pl
jeda@cowi.com
zaopatrzenie@mikster.pl
mjozwiak@doil.com
jozef.jozwik@warel.com.pl
jjura@komag.eu
jjura@obrum.gliwice.pl
tc@wzms.pl
remigiusz.jurek@avnet.com
motozbyt@user.net.pl
Agnieszka.Juskiewicz@tpteltech.pl
pawel.kabacik@pwr.wroc.pl
zdzislaw.kaczmarczyk@autosan.pl
leszek.kaczmarek@arex.pl
marek.kaczor@rivex.pl
tomasz.kakol@kopex.com.pl
marian.kalata@pimb.com.pl
a_kalawaj@pzlmielec.com.pl
tomasz.kalbarczyk@kombud.com.pl
lukasz.kaliczak@eberspacher.com
truck@jelcz.com.pl
a.kalinowski@mh-automatyka.pl
p.kalinowski@pcosa.com.pl
kaliszer@lucent.com
kaliszewski@fud.net.pl
kamela@mclaser.com.pl
w.kamelski@axis.pl
taszko@siltec.com.pl
roman.kaminski@itwl.pl
krzysztof.kaminski@eltem.pl
m_kania@pzlmielec.com.pl
zakupy@belma.com.pl
j.kania@pexpool.com.pl
skania@ec-e.pl
kapala@fideltronik.com.pl
skapelko@piap.pl
witold.kapica@lacroix-electronics.com
arkadiusz.kaapitan@pl.transport.bombardier.com



rkapusta@mista.eu
k.kapuscinski@newaggliwice.pl
m.karbowniczek@wzl2.pl
michal.kardynal@dgt.com.pl
pkarl@sonomed.com.pl
tyranska@traxelektronik.pl
K.Gutkowska@wb.com.pl
henryk.karpinski@polon-alfa.pl
zaopatrzenie@eltor.pl
a_karwacka@pzlmielec.com.pl
lkarwacki@kenbit.pl
robert.kasperczak@eltek.com.pl
danielkasprzak@radwar.com.pl
lkasprzycki@tamtron.com.pl
mkaste@wat.edu.pl
norbertkaszuba@sunex.pl
marekkecik@radwar.com.pl
Marek.Kecik@bumar.com
zarzad@bumar.gliwice.pl
pawel.k@at-3.com
g.kielar@eurotech.com.pl
s.kil@vector.com.pl
e_kilian@pzlmielec.com.pl
p.kisiel@wb.com.pl
r.kisielewicz@inexim.pl
malgorzata.klary-janowska@solarisbus.com
marzena.klasa@gerdins.pl
wojciech.klein@polsl.pl
jacek.klek@philips.com
pawel.klepacz@pit.edu.pl
katarzyna.klepczarek@pl.abb.com
slawomir.klimaszewski@itwl.pl
t.klimczak@prexer.com.pl
r_klucznik@jmn40.eu
marcin.knop@polmor.pl
piotr.knysak@wat.edu.pl



jacek.kochanowicz@sprintair.eu
mk@mekoprint.com
wagmont@wagmont.pl
leszek.kocibowski@macromolds.pl
dkoenig@kenbit.pl
P.Kojro@wb.com.pl
g.kojtek@wzl1.com.pl
andrzej.kolakowski@dtg.com.pl
nivomer@poczta.onet.pl
zbigniew.kolasinski@ios.krakow.pl
k.kolodziej@eledriveco.eu
pkolodziejczak@newag.pl
lukasz.komendera@zmt.tarnow.pl
zurad@pro.onet.pl
piotr.konczewski@stadlerrail.pl
cezary.konieczko@trw.com
konstanty@mikroma.com
zbigniew.kopczynski@polmor.pl
akopec@dezamet.com.pl
elektronika@signalco.pl
artur@yateh.com
artur.kopiec@ponar-silesia.pl
pkorba@piap.pl
m.korbik@airpol.com.pl
slawomir.korde@bumech.pl
przemyslaw.kordowski@itwl.pl
krzysztof.korpak@swiatlowody.com.pl
szymon.korzeniowski@solarisbus.com
joanna.kos@polfer.com.pl
l.kosecki@axis.pl
andrzej.kosik@medtronic.com
wkosmus@poczta.onet.pl
skostka@pit.gda.pl
mk@robotyprzemyslowe.eu
wojt@noweostrowy.pl
magdalena.koszlak@cableteam.pl
jerzy.koscielniak@ericsson.com
g.kosmider@kabe.pl
rafal@fanktor.com.pl
jacek.kotarski@pitradwar.com
info@eko-moto.com.pl
k.kotkiewicz@hertzsystems.com
joanna.kotlenga@cableteam.pl
office@kawu.pl
pkotwicki@autocomp.com.pl
jk@wzl2.mil.pl



rafal.kowalczyk@keymile.com
kowalczyk@mikroma.com
konstruktor@autosan.com.pl
wojciech.kowalczyk@siemens.com
mkowalczyk@zazsecurity.pl
ewa.kowalczyk@paiz.gov.pl
piotr.kowaleczko@itwl.pl
r.kowalewski@autohit.com.pl
j.kowalewski@wzl1.com.pl
mk@eltron.pl
marcin.kowalski@avicon.pl
andrzej.kowalski@ctm.gdynia.pl
szymon.kowalski@skanska.pl
p.kowalski@fpspoznan.pl
obrum_tr@obrum.gliwice.pl
t.kozak@pexpool.com.pl
mkozak@piap.pl
jk@pimco.pl
akozak@webasto.pl
dh@wzl2.pl
handel@wzl2.mil.pl
rkozicki@webasto.pl
b.koziol@hsw.pl
a.kozlowski@hulanicki-bednarek.com.pl
Zdzislaw.Kozlowski@sulzer.com
mkozuchowski@arrowce.com
michal.kozuchowski@pl.ttiinc.com
M.Kraft@vector.com.pl
maciej.krajewski@rdm.com
j.krajewski@pacomp.pl
dkrasa@bumar.gliwice.pl
agnieszka.krawczyk@pl.flextronics.com
marek.krawczyk@pitradwar.com
handel@polam.naklo.pl
ptmasz@ptmasz.pl
adam.krawiec@flytronic.pl
r.krepicki@dacpol.eu
jkrol@kkzabrze.com.pl
skrol@semicon.com.pl
anna.krol@ge.com
robertkrol@radwar.com.pl
k.krol@vector.com.pl
rkrolewski@svantek.com.pl
t.krolik@astraLtd.pl




monika.krolikowska@pit.edu.pl
s.kruczek@bergton.pl
kruk-to@wp.pl
p.krukar@elmak.pl
arkadiusz.krupa@borimex.pl
akrupski@kolt.com.pl
s.kruszona@e-elektryk.pl
hkruszynski@teldat.pl
artur.krynski@kontron.pl
mkrysiak@siltec.com.pl
b_krzempek@pzlmielec.com.pl
bkrzewinska@polon-alfa.pl
imex@hot.pl
Marzena.Krzywkowska@radmor.com.pl
marcin.krzywoszynski@wzms.pl
j.krzyzanowski@wzl1.com.pl
a.ksiazek@robokopter.pl
zaopatrzenie@teldat.com.pl
i.kubiak@wil.waw.pl
stanislaw.kubicki@zeelektra.com.pl
g.kubicki@wcbkt.pl
j.kubicki@pcosa.com.pl
eboba@bumar.gliwice.pl
pawel.kubis@pzl.swidnik.pl
adam.kubit@pilc.pl
tk@zdpimb.com.pl
michal.kucharski@panlink.pl
Lukasz.Kucharski@ge.com
r.kuczewski@wb.com.pl
a.kudla@autohit.com.pl
zaopatrzenie@pomarol.com.pl
marcin.kudra@aqg.se
promet@promet.gdynia.pl
adam.kujawa@atmavio.pl
krzysztof.kukla@ctm.gdynia.pl
beniamin.k@passus.pl
wkula@becker-avionics.pl
adam.kulawik@kfap-wsk.pl
adam.kulawik@kfap-wsk.krakow.pl
Mariusz.Kulcenty@radwar.com.pl
s.kulesza@benning.biz
leon.kuleszewicz@thermofisher.com
b.kumiega@hsw.pl
wiktor@tl2000.com.pl
b.kunka@wb.com.pl
wlodzimierz.kupicz@witpis.eu
kupiecki@elzab.pl
jkupis@vector.com.pl
kur.iwona@metrixmetal.pl
mariusz.kura@pvl-ee.eu
konstruktor@autosan.com.pl
kurasz@iel.waw.pl
902@mcd.com.pl
p.kurek@opto.com.pl
rkurek@blumenbecker.com
l.kurkowski@cat-traffic.pl
Karol.Kurowski@ctm.gdynia.pl
p.kurylowicz@hertz.net.pl
damian.kurzej@controlprocess.pl
akurzeja@obrum.gliwice.pl
rkurzela@ups.com
r.kurzela@bakalland.pl
robert.k@gutkowski.com.pl
michal.kus@pitradwar.com
rks@hsw.pl
kutkowski.krzysztof@metrixmetal.pl
i.kutzner@wobit.com.pl
a.kuziak@rabbit.pl
j.kuzmin@amz.pl
grzegorz.kuzmiszyn@transbit.com.pl
mors.logistyka@remontowa.com.pl
jkwarciany@bumar.gliwice.pl
izabela.kwiatkowska@ericsson.com
akata@molex.com
magdalena.kwiatkowska@pesa.pl
slawomir.kwiatkowski@dgt.com.pl
elfo@elfo.com.pl
kamil.kwiecien@wagmont.pl



michal.labarzewski@trias.pl
zaopatrzenie@befared.com.pl
m.labisz@ente.com.pl
mbb@pol.pl
szefwr@wp.mil.pl
celestyn.ladzinski@wzl2.mil.pl
przemek@cubetech.eu
plamla@bumar.gliwice.pl
Stefan.Lamparski@radmor.com.pl
lampke@lucent.com
agnieszka.l@larsco.com.pl
dominik.laskowski@avnet-abacus.eu
marek.laskowski@esab.pl
a.laskowski@wb.com.pl
marek.laszczka@webasto.pl
halina.latacz@dyskret.com.pl
latos@wil.waw.pl
daniel.lazarek@flytronic.pl
joanna.lech-foks@pzl.eads.net
dlemke@teldat.com.pl
krzysztofl@wzmsiem.com
grzegorz.lempert@beko.com.pl
ilona.lepa@partner21.pl
robert.lepietuszko@biatel.com.pl
g.lesiak@elmak.pl
prexerhandlowy@vp.pl
jacek.leszczynski@hydromechsa.pl
d.lesniak@siltec.pl
wlesniak@bumar.gliwice.pl
lesniewi@cc.wil.waw.pl
tlesniowski@bumar.com
clew@selpol.pl
anna.lewandowska@solarisbus.com
anna.lewandowska@msp.strefa.pl
andrzej.lewandowski@transbit.com.pl
malgorzata.lewkowicz@zdpimb.com.pl
slawomir.ligenza@fideltronik.com
ligeza@obr.tarnow.pl
alinkiewicz@jelcz.com.pl
adam.linkowski@pitradwar.com
hangar@aerogryf.com.pl
marcin.lipinski@ctm.gdynia.pl
wojciech.lipinski@spirex.pl
p.lipinski@pcosa.com.pl
eltech@jelcz.com.pl
karolina.l@passus.pl
cezary.lis@keymile.com
bartlomiej.lisewski@magnasteyr.com
j.lisiecki@pimot.eu
s.lisiecki@pimot.eu
alisow@itr.org.pl
maciej.lisowski@polmor.pl
biuro@k-t-p.com.pl
JLopatka@wel.wat.waw.pl
alopatynski@piap.pl
wojciech.lorenc@itwl.pl
konstruktor@autosan.com.pl
albert.losiak@carbo.com.pl
a.loski@lot.pl
j.lowicki@hydral.com.pl
plozowski@autocomp.com.pl
mariusz.lubaszka@telesystem-mesko.com.pl
henryk.lubinski@exalo.pl
hlub@nafta.net.pl
m.luczak@alchemiasa.pl
tluczak@wzm.pl
z.ludwiczak@prominent.pl
dariusz.ludwikowski@geofizyka.pl
jerzy.lukasiewicz@itwl.pl
mariusz.lukowski@maillennium.pl
a.lukowski@tech-sim.com
plyczkowski@bumar.com
beata@zpas.net
alysakowski@belma.com.pl
slawomir.lyzwa@kontron.pl
datacom@datacom.com.pl
Krzysztof.maciaga@pitradwar.com
jozef.maciazek@saint-gobain.com
maciejukw@thmulti.com
agata.maciszewska@dhl.com
cezary.madej@madex.pl
przemyslaw.madrzycki@itwl.pl
hmadura@wat.edu.pl
kz@wzm.pl



a.majchrzak@amz.pl
pg@elmontzpu.pl
mieczyslaw.majewski@agustawestland.com
pawel.majewski@itwl.pl
majnert@bydnet.com.pl
gltech@wzl2.mil.pl
andrzej.makarewicz@bzwbk.pl
marcin.makowski@note.eu
p.maksimowski@horus-energia.pl
j.maksymowicz@tuv-nord.pl
boguslaw.malachowski@telzas.com.pl
amalecka@novacapitalpartners.com
pmalecki@tycoelectronics.com
mieczyslaw.malek@pwrze.utc.com
mariusz.malek@drummonds.biz
edyta@radiolex.pl
monika.malicka@philips.com
fpstk2@hcp.com.pl
j.maluha@urtip.gov.pl
gmalyska@bumar.gliwice.pl
gmalyska@bumar.gliwice.pl
andrzej.maminski@itwl.pl
e.mandrek@vector.com.pl
k.marciniak@wzl1.com.pl
marciniak-mikroma@o2.pl
adam.marciniak@epekoks.com.pl
wladyslaw.markowicz@pzl-wroclaw.com.pl
markowskia@pit.edu.pl
m.marszalec@itl.waw.pl
zenon.marszalek@darekon.pl
serwis@tusa.waw.pl
adrian.maslo@wzms.pl
maslon@fideltronik.com.pl
maszczyk@maszczyk.pl
p.maślanka@elmak.pl
zaopatrzenie@sims.pl
jmatasz@tycoelectronics.com
a.matula@hsw.pl
matus@bydnet.com.pl
krzysztof.matwiejczyk@biatel.com.pl
matyja@ai.com.pl
m.matynia@stolarczyk.pl
mm@pimco.pl
wmazij@mmm.com
andrzejm@unitronex.com
tmazur@iewc.com
b.mazur@pexpool.com.pl
s_mazurek@pzlmielec.com.pl
bmazurek@molex.com
s_mazurek@pzlmielec.com.pl
marek.mazurkiewicz@radmor.com.pl
dorota.mazurkiewicz@hs.utc.com
wm@ctm.gdynia.pl
krzysiekm@radioster.pl
bmejbaum@ergom.com
zaopatrzenie@obr.tarnow.pl
z.melerski@eltor.pl
gmentrak@piap.pl
grzegorz.mentrak@itwl.pl
zaopatrzenie@wze.com.pl
slawomir.michalak@itwl.pl
bogdan.michalczewski@kontron.pl
daniel@radiolex.pl
mmichalczyk@aiut.com.pl
telos@telos.com.pl
marek.michalski@amica.com.pl
andrzej.michalski@wamed.pl
Jan.Mieczkowski@radwar.com.pl
arkadiusz.mierzwa@zmt.tarnow.pl
tt2mr70@mesko.com.pl
pmiklaszewicz@mmm.com
dorota.mikolajewska@arex.pl
j.mikos@dacpol.com.pl
milancej@ckzeto.com.pl
j.milczarek@metro.waw.pl
andrzej.mielcarek@elektryka.com.pl
andrzej.miler@agustawestland.com
milewski@zap-kooperacja.com.pl
wieslaw.milewski@itwl.pl
gi@pomarol.com.pl
milewski-a@el-cab.com.pl
r.milkowski@tech-sim.com
amilosz@semicon.com.pl
okulistyka@cezal.com.pl
p.mirkowski@astat.com.pl
jagniatowski-m@el-cab.com.pl
dmirowski@ergom.com
a.misiorny@opto.com.pl
jaroslaw.mistygacz@dgt.com.pl
konstruktor@feryster.pl
mm@ilot.edu.pl



marzena.modras@pit.edu.pl
l.modzelewski@dgtronik.com.pl
zugmunt.lisowski@pcosa.com.pl
mariusz.momont@dgt.com.pl
morawski@cbk.waw.pl
k.moskal@hsw.pl
konstrukcja@bumaramunicja.com
BMostefai@aepetsche.com
rmotyl@navship.pl
rmozola@pitow.wroc.pl
t.mozdzierzewski@amz.pl
a.mroczkowska@hertzsystems.com
monika.mrowczynska@wika.com
konstrukcja@mesko.com.pl
jmrozowski@polon-alfa.com.pl
krzysztof.mula@fawag.pl
Marzena.Murawska@ericsson.com
mmusial@flytechuav.com
m.musial@fca.com.pl
robertmuszynski@mercator-e.pl
milosz.muzyka@glinik.pl
tkt@wze.com.pl
janusz.narkiewicz@mel.pw.edu.pl
zenon.narojczyk@atmavio.pl
bartosz.nasierowski@pcosa.com.pl
s.natkanski@pcosa.com.pl
m.nawara@ente.com.pl
m.nawara@wasko.pl
piotr.nenko@aweco.com
jan_niciejewski@poczta.fm
m.nidzgorski@autohit.com.pl
boguslaw.niedziela@vacat.pl
tech@cyfral.pl
zygmunt-niementowski@wp.pl
elan@telesystem-mesko.com.pl
slican@slican.com.pl
sylwester.norek@zpas.pl
jacek.nowacki@mtupolska.com
lukasz.nowak@woltan.com.pl
pawel.nowak@instal1.pl
rena.nowak@pl.abb.com
beata.nowak@ex-box.pl
anowak@k-t-p.com.pl
m.nowak@cosma.com
dnowak@dsgcanusa.shawcor.com
znowak@ctm.gdynia.pl
dnowak@dsgcanusa.shawcor.com
pawel.nowak@etronika.pl
wnowakiewicz@innova-sa.pl
mnowakowski@kenbit.pl
miroslaw.nowakowski@itwl.pl
mnowakowski@kenbit.pl
nowinowski-m@el-cab.com.pl
l.nowosielski@siltec.com.pl
snycz@piap.pl
obiala@belma.com.pl
r.oblizajek@astat.com.pl
w.obrebski@neurodevice.pl
z.obrycki@wb.com.pl
technologia@polna.com.pl
elektronika@enko.pl
justyna.ochmann@kessa.com.pl
r.ochota@projekt.com.pl
poznan.oddzial@elester-pkp.com.pl
warszawa.oddzial@elester-pkp.com.pl
bogdan.migdalski@elester-pkp.com.pl
t.odyniec@wb.com.pl
m.oettl@mps-electronic.com
marcin.okuniewski@ctm.gdynia.pl
t.olasek@optopol.com.pl
tomaszolczak@icpt.pl
tomasz.olczak@icpt.pl
stanislaw.olearczyk@autosan.pl
krzysztof.oledzki@pitradwar.com
k.ojelnik@elkomtech.com.pl
bo.famor@use.pl
p.oleksy@autohit.com.pl
bartosz.olesinski@gdansk.note.pl
goleszek@asec.com.pl
grzegorz_olizarowicz@zeus.gda.pl
tolszak@teldat.com.pl
m.olszewski@marganski.com.pl
Bartosz.Olszowy@heli-one.ca
andrzej.oltarzewski@cto.gda.pl
krzysztof.omylinski@wzms.pl
moren@fec-tech.com
porlean@cbk.waw.pl
orlowskip@pit.gda.pl
marian.orlowski@atm.com.pl



Remigiusz.Osadnik@eurotherm.com
konstruktor@autosan.com.pl
marcin.osinski@stadlerrail.com
jerzy.osinski@atmavio.pl
janusz.ostasz@pzl.swidnik.pl
marta.ostasz@tnt.com
i.ostrach@hsw.pl
p.ostromecki@elmech.pl
tostrowski@pszczesniak.pl
joanna.osuchowska@wzkvictoria.pl
slawomir.ozog@pcosa.com.pl
tomasz.puton@datainvest.pl
mpachuta@sg.piap.waw.pl
mpaciuch@elson.pl
MIECZYSLAW.PAHULICZ@hs.utc.com
annapajak@ups.com
piotr.pajak@dpcleantech.com
pawel.pajchrowski@poczta.onet.pl
wojciech.pakos@esab.pl
helsta@neostrada.pl
piotr.palak@pcosa.com.pl
malgorzata.palczynska@wika.com
diane@fec-tech.com
S.Panasewicz@zpd.com.pl
filip.papierz@enamor.com.pl
pawp@pit.gda.pl
mparadiuk@kenbit.pl
apa@eko-moto.com.pl
edward.parkocinski@pitradwar.com
jerzy.pason@esab.pl
a_paszkowska@pzlmielec.com.pl
tomasz.patryn@knorr-bremse.com
apatynski@aiut.com.pl
patzak@spectrumcontrol.com
k.pawelek@wb.com.pl
miroslaw.pawlak@dhl.com
robert.pawlik@bumech.pl
akerum@unicard.com.pl
pawlik@pagi.pl
kpawlik@bumar.gliwice.pl
info@satel.com.pl
p.pawlowska@hertzsystems.com
r.pawlowski@sonel.pl
david.payet@eurofarad.com
arkpazd@gmail.com
technical@cemesa.com
jarekp@techmil.com.pl
adel@adel.pl
andrew@pelczar.com.pl
janusz.peronczyk@abcmed.pl
perysinakis@ilme.com
zpd@onet.pl
pawel.petykiewicz@hellermanntyton.pl
aphilippe@souraiu.com
piachu@microtech.com.pl
maciej.piatek@wzkvictoria.pl
wpiechaczek@daedong.pl
m.piechocka@wzl2.mil.pl
piechocki@bkte.pl
O_Piechota@pzlmielec.com.pl
jozef.piechowski@lidertrading.eu
dominik.piekarski@servitech.pl
h.pielasa@pcosa.com.pl
karina.pieniaszek@cableteam.pl
jerzy.pieszko@dgt.com.pl
michal.pietka@brebank.pl
zpietras@bumar-mikulczyce.pl
juliusz@cft-precyzja.pl
b_pietras@pzlmielec.com.pl
pietwald@pit.edu.pl
obrum_tr@obrum.gliwice.pl
r_pietruszka@pzlmielec.com.pl
piotrp@navship.pl
ppilarski@teldat.com.pl
slawomir.pilarski@kontron.pl
dawid.pilas@dhl.com
Piotr.Pilasiewicz@pzl.eads.net
jan.pilch@kopex.com.pl
michal.pilecki@dolinalotnicza.pl
marketing@radiocom.pl
pionka@interia.pl
rn@belma.com.pl
a.piotrowski@fca.com.pl
Katarzyna.Pisarek-Perala@milectria.fi
robert.pisarski@kessa.com.pl
kmpiskorski@gmail.com
zbigniew.piszcz@logon.pl
jpi@eko-moto.com.pl
a.piwnicki@wzl1.com.pl
zakupy@belma.com.pl
plata@pit.gda.pl
dariusz.platek@flytronic.pl
g.platek@centrumelektryczne.pl
tplatek@obrum.gliwice.pl
Dariusz.Plawecki@huf-group.com
t.plazuk@mesko.com.pl
irekplwr@wp.pl
krakow@poltraf.com.pl
szczepan.plucha@fideltronik.com.pl
wienczyslaw.plutecki@uav.com.pl




michal.podgorski@renex.com.pl
podlasiewiczg@oirp.waw.pl
d.podsiadly@wb.com.pl
marketing@rem-bud.com.pl
mpogorzelska@navship.pl
krzysztof.pogrzeba@bals.pl
tomasz.polak@telmor.com.pl
agnieszka.polak@bshg.com
m_polak@pzlmielec.com.pl
hpolakow@wat.waw.pl
wieslaw.polakowski@hs.utc.com
lukasz.polanski@stoelzle.com
p.pollak@lge.com
jpoloczek@hutalab.com.pl
zbigniew.polonski@ios.krakow.pl
slawomir.poltorak@dnv.pl
t.pomorski@kloepfel-consulting.com
r.pomykala@inova-cit.pl
haad@gd.onet.pl
a.porowski@wb.com.pl
tpotaczala@ecs-amc.pl
tomaszp@energocontrol.pl
A_Potempa@pzlmielec.com.pl
tk@zdpimb.com.pl
kpowalla@zpsbumar.pl
przemyslaw.poznanski@ctm.gdynia.pl
j.prasowski@mesko.com.pl
sprocek@aiut.com.pl
dh@wzl2.pl
slawomir.p@enix.com.pl
s.pryczynicz@bh-ruda.pl
pryma@helukabel.pl
witan2@o2.pl
d.przybylski@wp.mil.pl
michal.przybyszewski@pcosa.com.pl
tadeusz.przychodzen@visomatic.com.pl
m.przygoda@siltec.com.pl
lukasz.przystalski@enamor.pl
tk@wze.com.pl
piotr@optec.pl
mateusz@atsreklama.pl
jpulkowski@webasto.pl
r.purgal@ultraviol.pl
m.purtak@mesko.com.pl
tomasz.puton@datainvest.pl
b.puzdrakiewicz@amz.pl
klaudia.pyka@transport.alstom.com
marek.pyka@kessa.com.pl
a.pyra@wzinz.pl
grzegorzpytlak@poltechnik.pl
apyzio@jelcz.com.pl
gr@ris.com.pl
m.radac@bas.pol.pl
piotr.radlak@rehau.com
robert.rajkowski@faurecia.com
grzegorz.rarata@ilot.edu.pl
ratajczyk@zap-kooperacja.com.pl
monika.ratusinska@heli-one.ca
irena.rdzanek@pcosa.pl
k.reda@hertzsystems.com
kared@kared.com.pl
andrzej.rek@hs.utc.com
wojciech.rekucki@pcosa.com.pl
m.renner@raytech.at
andrzej.rogalski@rimaster.pl



mrogulski@cenrex.pl
ose@obr.tarnow.pl
stanislaw.romanek@ctm.gdynia.pl
mro@sanistal.pl
nh@wzl4.mil.pl
urszula.rondomanska@hw.arcelor.com
pam@compaero.com
jan.rosek@emitel.pl
maciejrosiak@icpt.pl
j.rosikiewicz@uke.gov.pl
rafal.szczepaniak@e-apa.pl
Barbara.Rostkowska@eleuro.com.pl
krzysztof@toropol.pl
jolanta.ros@e-system.com.pl
l.rowienicz@pcosa.com.pl
piotr.rozenfeld@dynamic-precision.com
rozwod@drabpol.pl
darek@eskrzynka.pl
zaneta.rubacha@pzl.eads.net
kruczkowski@cenrex.pl
r.grudziak@elektromontaz-export.com.pl
rudzinski@helukabel.pl
marek.rulka@naviservice.pl
r.rumianek@andra.com.pl
k.rupniewski@transbit.com.pl
z.rusinek@fca.com.pl
Katarzyna.Rutkowska@dnv.com
slawomir.rutkowski@alcatel.pl
mr@mysoft.com.pl
jacek.rybak@kopex.com.pl
pawel@spin.wroc.pl
Roman.Rygal@magneto.pl
rawarpp@radwar.com.pl
jacek.ryk@ericsson.com
rymarz@itr.org.pl
p.ryniewicz@pcosa.com.pl
r.rynkiewicz@vector.com.pl
trytwinski@autocomp.com.pl
michal.ryzejno@hydromega.com.pl
rafal.rzadkowski@sks.eu
sebastian@scalak.zabrze.pl
marek@sigmar.net
jarek.sabiniarz@gmail.com
t_sablik@pzlmielec.com.pl
ps@geco.pl
t_sadok@pzlmielec.com.pl
zaopatrzenie@emar.pl
krzysztof.sajda@itwl.pl
psakowcz.optel@aster.pl
sakowski@optimum.com.pl
ksalich@webasto.pl
m.samojluk@wcbkt.pl
fcipolska@wp.pl
biuro@sartech.pl
l.sarwa@newaggliwice.pl
sas@ferrox-electric.pl
E_Sasiadek@pzlmielec.com.pl
gsawczuk@pronar.pl
agnieszka.sawczuk@telmor.pl
p.sawicki@apena-remont.com.pl
marcin.sawicki@gdansk.note.pl
wlodzimierz.sawinski@telbud.pl
jakub.schwartz@panlink.pl
zaopatrzenie@sakop.pl
konstruktor@dezamet.com.pl
jamariuszz@gmail.com
zmt@zmt.tarnow.pl
andrzej.siebiesiuk@teknosystem.com.pl
krzysztof.siekanski@autobox.pl
heronim.sienkiewicz@transport.alstom.com
jakub.sierpinski@pakom.com.pl
tadeusz.sikora@zpas.pl
grzegorz.silarski@autosan.pl
mark.silk@tri-starelectronics.com
krzysztof.sitek@trw.com
lech.siuzdak@tabemax.com.pl
lsiwek@grupakety.com
ssiwinski@piap.pl
aneta.skarbowska@wskrz.com
Krzyszztof.skibinski@pitradwar.com
skok.jaroslaw@metrixmetal.pl
krzysztof.skoniecki@medcom.com.pl




k.skonieczny@pixel.pl
te@famad.com.pl
lukasz.skurski@bodim.pl
ewa.skwarek@brebank.pl
arkadiusz.skwira@fibox.pl
krzysiek@obudowy.pl
dslawinowski@teldat.com.pl
slodyn@wp.pl
henryk@ekolot.pl
krzysztof.slowinski@wzms.pl
a.slugocki@calmet.eu
robert.smach@pit.edu.pl
adam.smolen@autosan.pl
z_smolis@pzlmielec.com.pl
j.sobanski@enika.pl
sk@zpas.pl
sobczak@cs.put.poznan.pl
kamil.sobczak@ilot.edu.pl
t.sobczuk@wb.com.pl
mariusz.sobisiak@swegon.pl
romeks@zi.osa.torun.pl
pawel.socha@fronius.pl
zsochacki@gazobudowa.pl
wsoczewka@wp.pl
soczewkak@pit.edu.pl
marian.soinski@magneto.pl
dso@mekoprint.com
michal.solarski@agustawestland.com
biuro@imbth.com.pl
tk@zdpimb.com.pl
p.soluch@neurodevice.pl
b.soprych@skamer.pl
handel@wzl2.mil.pl
a.sosinowicz@iconex.pl
tsosnowski@wat.edu.pl
wojciech.sosnowski@wor.tvp.com.pl
Michal.Sot@radwar.com.pl
d.sowinski@wb.com.pl
slawomir.spierewka@metrix.pl
boss@net-service.net.pl
jaroslaw.spychala@itwl.pl
zbigniew.stachaczyk@carbo.com.pl
wstachera@prosysrp.pl
lstan@electro-adapter.com
s.stanczyk@hertz.net.pl
narcyz.stanczyk@winkelmann-groupe.de
stanek@ai.com.pl
joanna.staniszewska@dgtronik.com.pl
s.staniszewski@stanimex.pl
marcin.starega@mpl.mee.com
erwinstarosta@wp.pl
w.stawikowski@wb.com.pl
rawargk@radwar.com.pl
marek.steciuk@pcosa.com.pl
stefaniak@pit.edu.pl
pstefanow@energotest.com.pl
M.Stefanowicz@zpd.com.pl
obr.kg@hsw.pl
pstepien@aspco.com.pl
andrzej.stepien@pl.transport.bombardier.com
marcin.stepien@instal1.pl
STSL@TLEN.PL
a.stepnowski@pphkama.pl
pawel.stopa@solarisbus.com
tstosio@elektromont.rybnik.pl
rks@hsw.pl
krystyna.stranin@pl.transport.bombardier.com
m.stras@kalmet.com.pl
A_Straz@pzlmielec.com.pl
m_strek@pzlmielec.com.pl
Emilian.Stryjek@pl.huettinger.com
maciej.stypinski@eltek.com.pl



s.strzelczak@wzl1.com.pl
grafika@top-design.pl
dawid.s@gutkowski.com.pl
piomar@piomar.com.pl
jaroslaw.sulkowski@itwl.pl
sulkowski@drabpol.pl
a.suszczenia@wzl1.com.pl
ksweers@ditmco.com
stefan.swiecinski@dgt.com.pl
miroslaw.sworobowicz@remontowa.com.pl
bs@entech.pl
andrzej_sylwestrzak@pl.rsoe.com
dsysio@wutracing.pl
k.sytar@klos.com.pl
tk@zdpimb.com.pl
zbych@zpas.pl
zbigniew.szalega@zpas.pl
a.szalek@dacpol.com.pl
jacek@zpas.pl
pszatkowski@wzm.pl
franeks@ctm.gdynia.pl
dariusz.szczepinski@wzms.pl
marcin.szczerba@icpt.pl
anna@larsco.com.pl
Marcin.szczerbaczuk@icpt.pl
konstruktorzy@lasertec.pl
logistyka@niwka.pl
jszczurek@promont-swiebodzice.pl
dariusz.szczygiel@etronika.pl
wszewczyk@newag.pl
slawomir.szewczyk@bumar.com
mariusz.szlak@medcom.com.pl
elsur@elsur.pl
tomasz@yahoo.com
szotp@bury.eu
pawel.szubert@secpl.cs.put.poznan.pl
bszukalski@obrum.gliwice.pl
gawag@neostrada.pl
MAGDALENA.SZUMIEC@SILICA.COM
wojciech.szuminski@flytronic.pl
marcin.szumski@emar.pl
tszurlej@minemaster.eu
jszuster@transbit.com.pl
rakiety@bumaramunicja.com
Liliana.Szwed@pzl.eads.net
iveco.serwis@autohit.com.pl
p.szwiec@drutplast.com.pl
krzysztof.szydlik@brammer.pl
g.szydlo@hsw.pl
malgorzata.szydlowska@pzl.eads.net
tnc@technicad.gliwice.pl
t.szymala@galika.pl
a.szymanek@pcosa.com.pl
magdalena.szymanska@pit.edu.pl
krzysztof.szymanski@sandvik.com
lukasz.szymanski@db.com
1owtdpp@wp.pl
artur.szymanski@unicard.pl
artur-szymanski@lot.pl
Piotr.szymanski@pitradwar.com
telos@telos.com.pl
szymon@itwl.pl
m_szymczuch@pzlmielec.com.pl
ryszard.szymeczko@uos.pl
andrzej.szymerkowski@dtg.com.pl
hurtownia@elmarkobud.pl
wzmsiem@friko6.onet.pl
marcin@itam.zabrze.pl
aluminium@rosa.pl
dawid.sliwinski@pesa.pl
tomasz.sliwka@icsolutions.com.pl
ipands@ipands.pl
marek.swiderek@proster.pl
mswiech@energocontrol.pl
kamila.swietochowska@alcatel.pl
biwar@poczta.onet.pl
wieslawa.switajska@uos.pl
tk3@wzl2.mil.pl
jakub@zgrk.pl
logistyka@sabaj.pl
a_tabor2@pzlmielec.com.pl
tomek.t@at-3.com
nz@zdpim.com.pl
d_tarkowska@pbg.com.pl
ttp@wzl2.pl



tomasz.tatko@transbit.com.pl
grzegorz.telakowski@wzms.pl
teos@poczta.onet.pl
t.terlecki@hsw.pl
jozef.ternka@mavex-rekord.pl
miroslaw.tobiszewski@tobzamer.pl
t.tobolka@tkhkabeltechniek.pl
Rafal.Tokarewicz@ctm.gdynia.pl
tomasz.zalewski@trias.pl
ewa.tomaszewska@pit.edu.pl
Jaroslaw.Tomaszewski@bumar.com
tomasz.tomawski@eberspaecher.pl
z.tomczak@hydral.w.pl
waldektopol@hatmail.com
waclaw.topolski@comau.com
ryszard.trapiszczonek@philips.com
j.trojanowski@pexpool.com.pl
atrukawka@autocomp.com.pl
rt@radmor.com.pl
p.trybek@arizo.com.pl
pawel.tryc@sprintair.eu
zaopatrzenie@sims.pl
r.trzaskowski@hertzsystems.com
konstr@elmor.com.pl
rtrzebiatowski@navalship.pl
k.trzpil@wb.com.pl
zakupy@mefa.com.pl
michal.tunk@elektro-ster.eu.org
zaopatrzenie@juka.com.pl
a_turecka@pzlmielec.com.pl
jerzy.turek@wzl1deblin.pl
a.turowski@newaggliwice.pl
wt@dtg.com.pl
m.tworek@wicharytech.com
adam.tykocki-pilat@partnertech.pl
at@sonopan.com.pl
pawel.typer@zmt.tarnow.pl
a_ujda@pzlmielec.com.pl
boleslaw_uramowski@petrobaltic.com.pl
andrzej.urbacz@sandvik.com
karol.urban@pilc.pl
rafal.urbanczyk@sesto.pl
m.urbanowicz@ssbv.com
G_Utracka@pzlmielec.com.pl
trojmiasto@drabpol.pl
wtomczak@wzm.pl
roland.waclawek@adescom.com
s.wajrych@polster.net.pl
t.wal@multidekor.pl
mechanik@polna.com.pl
gabriel.walaszewski@consortia.pl
jwalczak@wzu.pl
piotr.walczak@sandvik.com
grzegorzwalczak@essystem.pl
l.walek@eurotech.com.pl
jan.wanot@wzms.pl
piotr.warda@note.eu
andrzej.warda@edps.com.pl
wojciech.warda@medcom.com.pl
zaopatrzenie@obr.tarnow.pl
warwickK@airborn.com
a.warzecha@optopol.com.pl
s.wasik@inventel.pl
AdalbertWasilewski@aol.com
aleksandra.wasiluk@cargo-partner.com
ewa.wasiluk@philips.com
Zbigniew.Wasiucionek@pzl.eads.net
janw@peltron.home.pl
e.waszkiewicz@elma-energia.pl
jwawer@k-t-p.com.pl
biuro@classen.com.pl
slawomir.wawryk@darekon.pl
wawrzasz@cbk.waw.pl
piotrw@skalmex.com.pl
ewawrzynkiewicz@wzm.pl
kamila.wdowska@itwl.pl
kwdowska@askaro.pl
m.weclawiak@horus-energia.pl
a.weidemann@kzl.com.pl
hwelter@lucent.com
w.wengrzyk@ente.com.pl
elektrycy@linker.com.pl
slawomir.wesolek@aviotech.pl
dariusz.wiatr@pesa.pl
radek@altel.pl
grzegorz.widera@libra.com.pl
rafal.wieckiewicz@zwut.siemens.pl
wiecko@sonopan.com.pl
wieckowska@lucent.com



kwieclaw@vigo.com.pl
konst@hydral.k.pl
gwielgo@WEBASTO.PL
wiesiek@post.pl
piotr.wiezowski@euroomega.eu
marcin.wiktorski@pit.edu.pl
awilczek@lanex.pl
artur.wilczynski@orbitone.pl
k.wilenski@kaj.net.pl
wilgucki@wil.waw.pl
l.wilk@astat.com.pl
hli@konstal.com.pl
wiloch@technokontakt.com.pl
tomasz.wingrowicz@philips.com
szymonwiniarski@icpt.pl
adam.winkier@winkelmann-groupe.de
zbiorniki@pomarol.com.pl
andrzej@kza.com.pl
adam.wisniewski@pcosa.com.pl
Andrzej.Wisniewski@utas.utc.com
Andrzej.Wisniewski@agustawestland.com
ja.w@wp.pl
jerzyw@elmor.com.pl
jwis@pcosa.com.pl
zaopatrzenie@maskpol.com.pl
maria.witkowska@radmor.com.pl
witkowski_w@yahoo.com
rwitkowski@wel.wat.waw.pl
piotr.witkowski@partner21.pl
marek.witosz@ponar-silesia.pl
kazimierz.wlekly.geofizyka.torun@inetia.pl
ewelina.wloch@cableteam.pl
m.wlodarczyk@hertzsytems.com
Wladyslaw.Wlodarczyk@ios.krakow.pl
krystian.wlosek@wzms.pl
olaf.wojdziak@gtservices.pl
mc.group@post.pl
krzysztof.wojciechowski@controlprocess.pl
ryszard.wojciechowski@epekoks.com.pl
p.wojciechowski@wb.com.pl
jakub.wojciechowski@pitradwar.com
stanislaw.wojcik@ursus.com
angelika.wojcik@paiz.gov.pl
wojciksl@op.pl .
wojcik@ai.com.pl
k.wojcikowski@elektrotim.pl
tk@wze.com.pl
twojewoda@telesystem-mesko.com.pl
abcpol@provider.pl
swojas@newag.pl
maciej.wojtowicz@wzms.pl
a.wojtowicz@vp.pl
pwolany@gazobudowa.pl
jerzy.wolnarek@ponar-silesia.pl
a.wolniewicz@modertrans.poznan.pl
biuro@zlacza-teneo.pl
meram@mtl.pl
slawomir.woloszyn@passus.pl
henryk.wolszlegier@radmor.com.pl
Marcin.Wolynko@pl.flextronics.com
gochaw@elkomtech.com.pl
awozniak@webasto.pl
przemyslaw.wozniak@HARTING.com
kwozniak@wzm.pl
waldemar.wozniak@wamed.pl
tomaszw@itam.zabrze.pl
wieslaw_wozny@zelmer.pl
wrega@ai.com.pl
wrobel@mikroma.com
boguslawa.wroblewska@pl.huettinger.com
wwroblewski@newag.pl
marketing@promet.gdynia.pl
rafal.wrona@pitradwar.com
r.wronski@inexim.pl
tw@talcomp.pl
wrzesinski@ai.com.pl
justyna.wrzosek@icpt.pl
m.wszolek@ente.com.pl
grzegorz.wudel@itwl.pl
marcin.wyczynski@medtronic.com
m.wydra@wzl1.com.pl
jwyka@rg.com.pl
p.wypijewski@belma.com.pl
adamw@no-el.pl
hsm2@radmar.com.pl
bss03@radwar.com.pl
lcsmodlin@drabpol.pl
o.yakym@uezj.pl
a.zaborowski@hsw.pl
m.zaborowski@mitegra.pl
prosys@prosys.net
lech.zagorowski@op.pl
wojciech.zagorski@konsmetal.com.pl
mariola.zajac@trias.pl
halina.zajac@aep.pl
j.zajac@wobit.com.pl
b.zakrzewski@kirchoff.pl
pawel.zakrzewski@ge.com



tzalega@wp.pl
p.zalewski@partex.pl
krzysztof.zalewski@pneumotechnika.pl
paadfcom@wlop.mil.pl
marcin.zapadka@radmor.com.pl
wojciech.zareba@radmor.com.pl
irekz@platan.pl
pawel.zariczny@pg.gda.pl
krzysztof.zarudzki@neostrada.pl
project@enamor.com.pl
zak_10@witu.mil.pl
csiwaw@medianet.pl
robert.zatorski@ingbank.pl
henrykz@analyticspl.eu
mbs@parkometry.pl
marcin.zbawicki@msp.strefa.pl
zakupy@team-concept.pl
baitd@poczta.onet.pl
krzysztof_zbura@cantonimotor.com.pl
radoslaw.zdanowicz@pl.flextronics.com
zegarek@radmor.com.pl
wzm@wzm.pl
l_zieba@pzlmielec.com.pl
miroslaw.zieblinski@ifj.edu.pl
jacekzeb@pik-net.pl
5rwtzaopatrzenie@wp.pl
wojtekzielin@wp.pl
a.zielinski@wzl1.mil.pl
dzielinski@mmm.com
johannes.zimmermann@draka.com
jziolek@mera-sp.com.pl
mietekz@parkometry.pl
zbigziol@onet.eu
info@connectech.com
jzjawiony@connectech.com
k.zosiuk@newaggliwice.pl
magdalena.zuba@mtupolska.com
R.Zwierzynski@wb.com.pl
Jadwiga.Zwolinska@PCOSA.COM.PL
krystyna.zwolinska@aspel.com.pl
zych@optimum.com.pl
rk@rotametr.com.pl
bzaczek@pit.gda.pl
technolog@wzl1.mil.pl
zak@impol-1.pl
wzl_3dbn@unet.pl
jaroslaw.zebrowski@bumar.pl
robert.zmuda@zpue.pl
malwina.zochowska@transbit.com.pl
ryszard.zaladek@pl.abb.com
zbigniewzolnierowicz@radwar.com.pl
jerzy.zoltak@ilot.edu.pl
wobit@wobit.com.pl
przetargi@itwl.pl,
marzena.zorawska@itwl.pl
agata.zurek@utas.utc.com